Name,Email,Phone Number,Birthdate,Address,City,Country,ZIP Code,Job Title,Company,IP Address,Credit Card Number,Username,Website,SSN
Jessica Dunlap,tgarcia@hotmail.com,(483)933-4434x1842,1931-03-30,"26531 Gregory Landing
New Catherine, MP 15753",New Feliciaview,Lebanon,43121,"Surveyor, building control","Bryant, Cooper and Costa",172.28.106.98,4848871753803462355,erikaedwards,http://thompson.com/,401-65-7650
Andrea Carter,ybishop@hotmail.com,392.611.3098,2019-01-19,"78884 Patrick Valleys
Lake Tiffany, MN 94996",West Deborah,Barbados,97124,"Buyer, retail","Valdez, Barnes and Fuller",10.143.251.212,4870239710348064,mark37,http://sullivan.com/,444-20-1329
Lori Lambert,marissaochoa@gmail.com,8927095875,1928-09-10,"745 Gordon Trace
West Elizabeth, CT 07556",Hillfort,Norway,78465,Tree surgeon,Simpson-Pacheco,172.25.58.207,4355236638204894,emitchell,http://bennett.org/,622-60-2149
James Zimmerman,michael59@gmail.com,9679103627,2005-12-08,"13217 Daniel Summit Suite 283
Jasonside, AR 74732",Bryanhaven,Denmark,30120,Financial planner,Myers-Baker,172.28.34.176,4029808981802385625,deanreese,http://www.perry.com/,778-91-9604
Cynthia Gonzales,rgillespie@yahoo.com,001-290-345-5271x730,1932-04-19,"5148 James Point Apt. 043
Wardport, LA 05059",Lake Richard,Vanuatu,46858,"Education officer, environmental","Brewer, Torres and Hood",172.20.206.111,639018386792,frank88,https://moore.com/,137-29-9705
Kristie Robinson,brandonbrown@hotmail.com,+1-750-892-8838x6855,1935-01-28,"1832 Johnson Springs
Joelport, FM 08498",South Kyle,Algeria,72026,"Administrator, Civil Service",Wood Inc,172.20.40.93,30054256098907,parcher,https://www.campbell-payne.com/,281-15-6068
Jody Hunt,jamesrobert@yahoo.com,623-284-9627x415,1990-06-26,"3095 Petersen Field Suite 036
Davidberg, NM 96841",Lake Joe,Djibouti,93952,"Production assistant, radio","Fischer, Walker and Singleton",192.168.188.27,3541822106082198,william87,https://www.ali.com/,669-32-5954
James Tapia,jonathanduarte@yahoo.com,386-339-1551,2006-02-07,"848 Cross Harbor
Port Anthony, MS 45920",Weavermouth,Grenada,28908,Horticultural consultant,Arias-Morgan,172.23.143.150,4784075383065418548,orose,http://www.shepard-rojas.info/,317-03-7018
Jennifer Ramos,harrisjenny@gmail.com,(645)611-5530x1900,1929-02-04,"40100 Jones Bypass Apt. 267
North Keithberg, IA 25116",South Tracy,Namibia,04786,Solicitor,Martinez-Stein,10.134.130.50,6535445195589864,campbelljohn,https://nichols-martinez.net/,717-73-9531
Peter Smith,bradley74@yahoo.com,571.495.6528x058,1990-02-15,"033 Ward Crescent Apt. 633
Andrewside, PR 85638",Molinachester,Syrian Arab Republic,47125,"Exhibitions officer, museum/gallery",Cervantes Inc,192.168.37.54,4608398342556,hernandezantonio,https://harper-walker.com/,411-43-2467
